actor_id;first_name;last_name;last_update
158.0;Vml2aWVu;QmFzaW5nZXI=;20130526000000
175.0;V2lsbGlhbQ==;SGFja21hbg==;20130526000000
70.0;TWljaGVsbGU=;TWNjb25hdWdoZXk=;20130526000000
14.0;Vml2aWVu;QmVyZ2Vu;20130526000000
95.0;RGFyeWw=;V2FobGJlcmc=;20130526000000
4.0;SmVubmlmZXI=;RGF2aXM=;20130526000000
116.0;RGFu;U3RyZWVw;20130526000000
118.0;Q3ViYQ==;QWxsZW4=;20130526000000
124.0;U2NhcmxldHQ=;QmVuaW5n;20130526000000
41.0;Sm9kaWU=;RGVnZW5lcmVz;20130526000000
189.0;Q3ViYQ==;QmlyY2g=;20130526000000
52.0;Q2FybWVu;SHVudA==;20130526000000
142.0;SmFkYQ==;UnlkZXI=;20130526000000
23.0;U2FuZHJh;S2lsbWVy;20130526000000
171.0;T2x5bXBpYQ==;UGZlaWZmZXI=;20130526000000
147.0;RmF5;V2luc2xldA==;20130526000000
159.0;TGF1cmE=;QnJvZHk=;20130526000000
43.0;S2lyaw==;Sm92b3ZpY2g=;20130526000000
80.0;UmFscGg=;Q3J1eg==;20130526000000
111.0;Q2FtZXJvbg==;WmVsbHdlZ2Vy;20130526000000
27.0;SnVsaWE=;TWNxdWVlbg==;20130526000000
138.0;THVjaWxsZQ==;RGVl;20130526000000
76.0;QW5nZWxpbmE=;QXN0YWlyZQ==;20130526000000
68.0;Umlw;V2luc2xldA==;20130526000000
198.0;TWFyeQ==;S2VpdGVs;20130526000000
114.0;TW9yZ2Fu;TWNkb3JtYW5k;20130526000000
125.0;QWxiZXJ0;Tm9sdGU=;20130526000000
109.0;U3lsdmVzdGVy;RGVybg==;20130526000000
40.0;Sm9obm55;Q2FnZQ==;20130526000000
197.0;UmVlc2U=;V2VzdA==;20130526000000
62.0;SmF5bmU=;TmVlc29u;20130526000000
21.0;S2lyc3Rlbg==;UGFsdHJvdw==;20130526000000
191.0;R3JlZ29yeQ==;R29vZGluZw==;20130526000000
42.0;VG9t;TWlyYW5kYQ==;20130526000000
50.0;TmF0YWxpZQ==;SG9wa2lucw==;20130526000000
89.0;Q2hhcmxpemU=;RGVuY2g=;20130526000000
162.0;T3ByYWg=;S2lsbWVy;20130526000000
5.0;Sm9obm55;TG9sbG9icmlnaWRh;20130526000000
29.0;QWxlYw==;V2F5bmU=;20130526000000
77.0;Q2FyeQ==;TWNjb25hdWdoZXk=;20130526000000
186.0;SnVsaWE=;WmVsbHdlZ2Vy;20130526000000
48.0;RnJhbmNlcw==;RGF5LUxld2lz;20130526000000
92.0;S2lyc3Rlbg==;QWtyb3lk;20130526000000
136.0;RWQ=;TWFuc2ZpZWxk;20130526000000
174.0;TWljaGFlbA==;QmVuaW5n;20130526000000
97.0;TWVn;SGF3a2U=;20130526000000
11.0;WmVybw==;Q2FnZQ==;20130526000000
32.0;VGlt;SGFja21hbg==;20130526000000
185.0;TWljaGFlbA==;Qm9sZ2Vy;20130526000000
121.0;TGl6YQ==;QmVyZ21hbg==;20130526000000
81.0;U2NhcmxldHQ=;RGFtb24=;20130526000000
55.0;RmF5;S2lsbWVy;20130526000000
37.0;VmFs;Qm9sZ2Vy;20130526000000
195.0;SmF5bmU=;U2lsdmVyc3RvbmU=;20130526000000
16.0;RnJlZA==;Q29zdG5lcg==;20130526000000
18.0;RGFu;VG9ybg==;20130526000000
131.0;SmFuZQ==;SmFja21hbg==;20130526000000
172.0;R3JvdWNobw==;V2lsbGlhbXM=;20130526000000
65.0;QW5nZWxh;SHVkc29u;20130526000000
144.0;QW5nZWxh;V2l0aGVyc3Bvb24=;20130526000000
54.0;UGVuZWxvcGU=;UGlua2V0dA==;20130526000000
188.0;Um9jaw==;RHVrYWtpcw==;20130526000000
194.0;TWVyeWw=;QWxsZW4=;20130526000000
103.0;TWF0dGhldw==;TGVpZ2g=;20130526000000
129.0;RGFyeWw=;Q3Jhd2ZvcmQ=;20130526000000
34.0;QXVkcmV5;T2xpdmllcg==;20130526000000
180.0;SmVmZg==;U2lsdmVyc3RvbmU=;20130526000000
110.0;U3VzYW4=;RGF2aXM=;20130526000000
122.0;U2FsbWE=;Tm9sdGU=;20130526000000
176.0;Sm9u;Q2hhc2U=;20130526000000
44.0;Tmljaw==;U3RhbGxvbmU=;20130526000000
58.0;Q2hyaXN0aWFu;QWtyb3lk;20130526000000
6.0;QmV0dGU=;TmljaG9sc29u;20130526000000
152.0;QmVu;SGFycmlz;20130526000000
25.0;S2V2aW4=;Qmxvb20=;20130526000000
126.0;RnJhbmNlcw==;VG9tZWk=;20130526000000
187.0;UmVuZWU=;QmFsbA==;20130526000000
148.0;RW1pbHk=;RGVl;20130526000000
57.0;SnVkZQ==;Q3J1aXNl;20130526000000
200.0;VGhvcmE=;VGVtcGxl;20130526000000
28.0;V29vZHk=;SG9mZm1hbg==;20130526000000
133.0;UmljaGFyZA==;UGVubg==;20130526000000
56.0;RGFu;SGFycmlz;20130526000000
71.0;QWRhbQ==;R3JhbnQ=;20130526000000
168.0;V2lsbA==;V2lsc29u;20130526000000
123.0;SnVsaWFubmU=;RGVuY2g=;20130526000000
140.0;V2hvb3Bp;SHVydA==;20130526000000
190.0;QXVkcmV5;QmFpbGV5;20130526000000
163.0;Q2hyaXN0b3BoZXI=;V2VzdA==;20130526000000
90.0;U2Vhbg==;R3VpbmVzcw==;20130526000000
53.0;TWVuYQ==;VGVtcGxl;20130526000000
153.0;TWlubmll;S2lsbWVy;20130526000000
51.0;R2FyeQ==;UGhvZW5peA==;20130526000000
154.0;TWVyeWw=;R2lic29u;20130526000000
166.0;Tmljaw==;RGVnZW5lcmVz;20130526000000
79.0;TWFl;SG9mZm1hbg==;20130526000000
46.0;UGFya2Vy;R29sZGJlcmc=;20130526000000
8.0;TWF0dGhldw==;Sm9oYW5zc29u;20130526000000
160.0;Q2hyaXM=;RGVwcA==;20130526000000
143.0;Uml2ZXI=;RGVhbg==;20130526000000
64.0;UmF5;Sm9oYW5zc29u;20130526000000
120.0;UGVuZWxvcGU=;TW9ucm9l;20130526000000
161.0;SGFydmV5;SG9wZQ==;20130526000000
193.0;QnVydA==;VGVtcGxl;20130526000000
20.0;THVjaWxsZQ==;VHJhY3k=;20130526000000
94.0;S2VubmV0aA==;VG9ybg==;20130526000000
179.0;RWQ=;R3VpbmVzcw==;20130526000000
75.0;QnVydA==;UG9zZXk=;20130526000000
9.0;Sm9l;U3dhbms=;20130526000000
15.0;Q3ViYQ==;T2xpdmllcg==;20130526000000
141.0;Q2F0ZQ==;SGFycmlz;20130526000000
73.0;R2FyeQ==;UGVubg==;20130526000000
22.0;RWx2aXM=;TWFyeA==;20130526000000
66.0;TWFyeQ==;VGFuZHk=;20130526000000
150.0;SmF5bmU=;Tm9sdGU=;20130526000000
115.0;SGFycmlzb24=;QmFsZQ==;20130526000000
17.0;SGVsZW4=;Vm9pZ2h0;20130526000000
7.0;R3JhY2U=;TW9zdGVs;20130526000000
82.0;V29vZHk=;Sm9saWU=;20130526000000
24.0;Q2FtZXJvbg==;U3RyZWVw;20130526000000
169.0;S2VubmV0aA==;SG9mZm1hbg==;20130526000000
130.0;R3JldGE=;S2VpdGVs;20130526000000
87.0;U3BlbmNlcg==;UGVjaw==;20130526000000
59.0;RHVzdGlu;VGF1dG91;20130526000000
33.0;TWlsbGE=;UGVjaw==;20130526000000
31.0;U2lzc3k=;U29iaWVza2k=;20130526000000
184.0;SHVtcGhyZXk=;R2FybGFuZA==;20130526000000
151.0;R2VvZmZyZXk=;SGVzdG9u;20130526000000
10.0;Q2hyaXN0aWFu;R2FibGU=;20130526000000
157.0;R3JldGE=;TWFsZGVu;20130526000000
135.0;Uml0YQ==;UmV5bm9sZHM=;20130526000000
183.0;UnVzc2VsbA==;Q2xvc2U=;20130526000000
61.0;Q2hyaXN0aWFu;TmVlc29u;20130526000000
49.0;QW5uZQ==;Q3Jvbnlu;20130526000000
60.0;SGVucnk=;QmVycnk=;20130526000000
88.0;S2VubmV0aA==;UGVzY2k=;20130526000000
83.0;QmVu;V2lsbGlz;20130526000000
155.0;SWFu;VGFuZHk=;20130526000000
127.0;S2V2aW4=;R2FybGFuZA==;20130526000000
72.0;U2Vhbg==;V2lsbGlhbXM=;20130526000000
128.0;Q2F0ZQ==;TWNxdWVlbg==;20130526000000
67.0;SmVzc2ljYQ==;QmFpbGV5;20130526000000
91.0;Q2hyaXN0b3BoZXI=;QmVycnk=;20130526000000
134.0;R2VuZQ==;SG9wa2lucw==;20130526000000
96.0;R2VuZQ==;V2lsbGlz;20130526000000
107.0;R2luYQ==;RGVnZW5lcmVz;20130526000000
132.0;QWRhbQ==;SG9wcGVy;20130526000000
12.0;S2FybA==;QmVycnk=;20130526000000
137.0;TW9yZ2Fu;V2lsbGlhbXM=;20130526000000
13.0;VW1h;V29vZA==;20130526000000
199.0;SnVsaWE=;RmF3Y2V0dA==;20130526000000
181.0;TWF0dGhldw==;Q2FycmV5;20130526000000
69.0;S2VubmV0aA==;UGFsdHJvdw==;20130526000000
113.0;TW9yZ2Fu;SG9wa2lucw==;20130526000000
149.0;UnVzc2VsbA==;VGVtcGxl;20130526000000
108.0;V2FycmVu;Tm9sdGU=;20130526000000
182.0;RGViYmll;QWtyb3lk;20130526000000
39.0;R29sZGll;QnJvZHk=;20130526000000
85.0;TWlubmll;WmVsbHdlZ2Vy;20130526000000
105.0;U2lkbmV5;Q3Jvd2U=;20130526000000
98.0;Q2hyaXM=;QnJpZGdlcw==;20130526000000
106.0;R3JvdWNobw==;RHVuc3Q=;20130526000000
146.0;QWxiZXJ0;Sm9oYW5zc29u;20130526000000
117.0;UmVuZWU=;VHJhY3k=;20130526000000
45.0;UmVlc2U=;S2lsbWVy;20130526000000
170.0;TWVuYQ==;SG9wcGVy;20130526000000
74.0;TWlsbGE=;S2VpdGVs;20130526000000
1.0;UGVuZWxvcGU=;R3VpbmVzcw==;20130526000000
47.0;SnVsaWE=;QmFycnltb3Jl;20130526000000
145.0;S2lt;QWxsZW4=;20130526000000
164.0;SHVtcGhyZXk=;V2lsbGlz;20130526000000
196.0;QmVsYQ==;V2Fsa2Vu;20130526000000
104.0;UGVuZWxvcGU=;Q3Jvbnlu;20130526000000
101.0;U3VzYW4=;RGF2aXM=;20130526000000
177.0;R2VuZQ==;TWNrZWxsZW4=;20130526000000
19.0;Qm9i;RmF3Y2V0dA==;20130526000000
139.0;RXdhbg==;R29vZGluZw==;20130526000000
38.0;VG9t;TWNrZWxsZW4=;20130526000000
112.0;UnVzc2VsbA==;QmFjYWxs;20130526000000
167.0;TGF1cmVuY2U=;QnVsbG9jaw==;20130526000000
100.0;U3BlbmNlcg==;RGVwcA==;20130526000000
35.0;SnVkeQ==;RGVhbg==;20130526000000
102.0;V2FsdGVy;VG9ybg==;20130526000000
30.0;U2FuZHJh;UGVjaw==;20130526000000
178.0;TGlzYQ==;TW9ucm9l;20130526000000
3.0;RWQ=;Q2hhc2U=;20130526000000
78.0;R3JvdWNobw==;U2luYXRyYQ==;20130526000000
165.0;QWw=;R2FybGFuZA==;20130526000000
86.0;R3JlZw==;Q2hhcGxpbg==;20130526000000
192.0;Sm9obg==;U3V2YXJp;20130526000000
173.0;QWxhbg==;RHJleWZ1c3M=;20130526000000
84.0;SmFtZXM=;UGl0dA==;20130526000000
93.0;RWxsZW4=;UHJlc2xleQ==;20130526000000
156.0;RmF5;V29vZA==;20130526000000
119.0;V2FycmVu;SmFja21hbg==;20130526000000
26.0;Umlw;Q3Jhd2ZvcmQ=;20130526000000
36.0;QnVydA==;RHVrYWtpcw==;20130526000000
2.0;Tmljaw==;V2FobGJlcmc=;20130526000000
99.0;Smlt;TW9zdGVs;20130526000000
63.0;Q2FtZXJvbg==;V3JheQ==;20130526000000
