category_id;name;last_update
11.0;SG9ycm9y;20200215000000
5.0;Q29tZWR5;20200215000000
9.0;Rm9yZWlnbg==;20200215000000
8.0;RmFtaWx5;20200215000000
6.0;RG9jdW1lbnRhcnk=;20200215000000
3.0;Q2hpbGRyZW4=;20200215000000
1.0;QWN0aW9u;20200215000000
14.0;U2NpLUZp;20200215000000
12.0;TXVzaWM=;20200215000000
2.0;QW5pbWF0aW9u;20200215000000
13.0;TmV3;20200215000000
15.0;U3BvcnRz;20200215000000
16.0;VHJhdmVs;20200215000000
7.0;RHJhbWE=;20200215000000
4.0;Q2xhc3NpY3M=;20200215000000
10.0;R2FtZXM=;20200215000000
