payment_id;customer_id;staff_id;rental_id;amount;payment_date
16983.0;156.0;2.0;899.0;6.99;20200130000000
16704.0;14.0;1.0;671.0;2.99;20200128000000
17061.0;197.0;1.0;391.0;2.99;20200127000000
16800.0;56.0;1.0;496.0;2.99;20200128000000
16769.0;47.0;1.0;300.0;6.99;20200126000000
16514.0;511.0;1.0;56.0;2.99;20200125000000
16594.0;556.0;2.0;772.0;5.99;20200129000000
16867.0;92.0;1.0;456.0;4.99;20200127000000
17167.0;250.0;1.0;1146.0;2.99;20200131000000
16278.0;387.0;1.0;841.0;4.99;20200130000000
16921.0;119.0;2.0;540.0;6.99;20200128000000
16819.0;65.0;1.0;295.0;4.99;20200126000000
16331.0;416.0;2.0;724.0;3.99;20200129000000
16926.0;122.0;2.0;1135.0;4.99;20200131000000
16358.0;433.0;1.0;691.0;10.99;20200129000000
16415.0;464.0;1.0;305.0;3.99;20200126000000
16190.0;337.0;1.0;839.0;8.99;20200130000000
16429.0;469.0;1.0;1119.0;2.99;20200131000000
16320.0;411.0;2.0;972.0;1.99;20200130000000
16243.0;371.0;2.0;381.0;4.99;20200127000000
16854.0;84.0;1.0;739.0;6.99;20200129000000
17136.0;241.0;1.0;1059.0;3.99;20200131000000
17045.0;189.0;2.0;1117.0;5.99;20200131000000
16549.0;534.0;2.0;940.0;0.99;20200130000000
16396.0;451.0;2.0;328.0;2.99;20200127000000
16153.0;314.0;1.0;440.0;4.99;20200127000000
16432.0;472.0;2.0;142.0;0.99;20200126000000
16585.0;551.0;1.0;728.0;2.99;20200129000000
16623.0;575.0;1.0;17.0;2.99;20200125000000
16506.0;507.0;2.0;713.0;4.99;20200129000000
16802.0;57.0;2.0;152.0;9.99;20200126000000
16078.0;280.0;1.0;1014.0;4.99;20200131000000
17015.0;171.0;2.0;804.0;9.99;20200129000000
16882.0;103.0;1.0;658.0;9.99;20200128000000
16826.0;70.0;2.0;1044.0;4.99;20200131000000
16917.0;117.0;2.0;1114.0;0.99;20200131000000
16076.0;279.0;1.0;979.0;2.99;20200130000000
16700.0;12.0;1.0;1084.0;4.99;20200131000000
16665.0;203.0;1.0;314.0;0.99;20200127000000
16780.0;50.0;1.0;1029.0;4.99;20200131000000
16513.0;510.0;2.0;1118.0;4.99;20200131000000
16346.0;429.0;2.0;150.0;5.99;20200126000000
16070.0;274.0;1.0;892.0;4.99;20200130000000
16365.0;437.0;1.0;192.0;2.99;20200126000000
16226.0;363.0;1.0;733.0;3.99;20200129000000
17056.0;196.0;2.0;178.0;5.99;20200126000000
16591.0;554.0;1.0;607.0;2.99;20200128000000
16052.0;269.0;2.0;678.0;6.99;20200129000000
16878.0;102.0;1.0;247.0;4.99;20200126000000
16788.0;53.0;1.0;751.0;0.99;20200129000000
17137.0;242.0;1.0;108.0;2.99;20200125000000
16419.0;467.0;2.0;225.0;4.99;20200126000000
16906.0;112.0;2.0;701.0;2.99;20200129000000
16224.0;361.0;2.0;1120.0;4.99;20200131000000
16160.0;318.0;1.0;224.0;9.99;20200126000000
16862.0;89.0;2.0;141.0;2.99;20200126000000
16209.0;354.0;1.0;140.0;0.99;20200126000000
16754.0;40.0;1.0;128.0;4.99;20200125000000
16825.0;69.0;2.0;765.0;1.99;20200129000000
16378.0;442.0;1.0;632.0;5.99;20200128000000
17049.0;191.0;2.0;1152.0;4.99;20200131000000
16348.0;429.0;2.0;601.0;7.99;20200128000000
17064.0;197.0;2.0;730.0;3.99;20200129000000
16077.0;279.0;2.0;1019.0;0.99;20200131000000
17144.0;245.0;1.0;241.0;0.99;20200126000000
17114.0;232.0;1.0;28.0;4.99;20200125000000
16239.0;369.0;2.0;854.0;0.99;20200130000000
16842.0;77.0;1.0;586.0;0.99;20200128000000
16832.0;73.0;1.0;70.0;2.99;20200125000000
16178.0;328.0;2.0;862.0;2.99;20200130000000
16657.0;596.0;2.0;625.0;0.99;20200128000000
16994.0;161.0;2.0;477.0;3.99;20200128000000
16149.0;313.0;2.0;712.0;2.99;20200129000000
16131.0;307.0;2.0;413.0;4.99;20200127000000
16894.0;108.0;2.0;1055.0;0.99;20200131000000
16866.0;92.0;1.0;271.0;5.99;20200126000000
16061.0;272.0;1.0;1041.0;6.99;20200131000000
16920.0;119.0;1.0;235.0;5.99;20200126000000
17086.0;214.0;2.0;1093.0;2.99;20200131000000
16246.0;371.0;1.0;829.0;2.99;20200129000000
16265.0;382.0;2.0;356.0;2.99;20200127000000
16387.0;447.0;1.0;461.0;2.99;20200127000000
16564.0;542.0;2.0;376.0;4.99;20200127000000
16195.0;344.0;2.0;157.0;2.99;20200126000000
16629.0;576.0;1.0;968.0;0.99;20200130000000
16492.0;503.0;1.0;1074.0;4.99;20200131000000
16333.0;417.0;1.0;267.0;4.99;20200126000000
16169.0;323.0;1.0;58.0;4.99;20200125000000
16552.0;535.0;1.0;778.0;3.99;20200129000000
16093.0;288.0;1.0;503.0;4.99;20200128000000
16955.0;138.0;1.0;523.0;2.99;20200128000000
16602.0;562.0;1.0;941.0;2.99;20200130000000
16710.0;17.0;2.0;287.0;2.99;20200126000000
16943.0;131.0;1.0;83.0;4.99;20200125000000
16676.0;208.0;1.0;100.0;4.99;20200125000000
17059.0;197.0;2.0;94.0;2.99;20200125000000
16266.0;382.0;1.0;522.0;2.99;20200128000000
16073.0;276.0;1.0;860.0;10.99;20200130000000
16687.0;6.0;2.0;916.0;0.99;20200130000000
16271.0;384.0;1.0;898.0;0.99;20200130000000
16340.0;422.0;1.0;398.0;0.99;20200127000000
16352.0;430.0;1.0;364.0;4.99;20200127000000
16526.0;522.0;2.0;426.0;5.99;20200127000000
16233.0;368.0;1.0;64.0;5.99;20200125000000
17094.0;220.0;2.0;409.0;0.99;20200127000000
17168.0;251.0;1.0;264.0;2.99;20200126000000
16792.0;54.0;2.0;198.0;4.99;20200126000000
16558.0;538.0;2.0;734.0;4.99;20200129000000
17082.0;213.0;2.0;385.0;0.99;20200127000000
16716.0;19.0;2.0;18.0;0.99;20200125000000
16480.0;500.0;1.0;112.0;8.99;20200125000000
17169.0;251.0;1.0;309.0;1.99;20200127000000
16963.0;144.0;1.0;323.0;2.99;20200127000000
16815.0;62.0;1.0;947.0;4.99;20200130000000
16135.0;308.0;2.0;589.0;3.99;20200128000000
16453.0;482.0;2.0;879.0;0.99;20200130000000
16444.0;477.0;1.0;882.0;2.99;20200130000000
17020.0;173.0;1.0;628.0;4.99;20200128000000
16617.0;570.0;2.0;1060.0;7.99;20200131000000
16936.0;127.0;1.0;452.0;0.99;20200127000000
16079.0;281.0;2.0;650.0;2.99;20200128000000
16743.0;29.0;2.0;194.0;1.99;20200126000000
16900.0;109.0;1.0;1106.0;4.99;20200131000000
16722.0;20.0;2.0;202.0;2.99;20200126000000
17125.0;238.0;1.0;842.0;2.99;20200130000000
16291.0;393.0;2.0;886.0;0.99;20200130000000
16851.0;83.0;2.0;950.0;0.99;20200130000000
17013.0;170.0;1.0;377.0;5.99;20200127000000
16691.0;7.0;1.0;975.0;4.99;20200130000000
16501.0;506.0;1.0;547.0;8.99;20200128000000
16702.0;14.0;1.0;346.0;9.99;20200127000000
16179.0;330.0;1.0;704.0;3.99;20200129000000
16431.0;471.0;1.0;616.0;2.99;20200128000000
16858.0;86.0;1.0;66.0;1.99;20200125000000
16445.0;479.0;2.0;132.0;3.99;20200125000000
17003.0;165.0;2.0;338.0;4.99;20200127000000
16962.0;143.0;1.0;312.0;2.99;20200127000000
16791.0;53.0;1.0;1107.0;2.99;20200131000000
16272.0;384.0;2.0;1013.0;2.99;20200131000000
17009.0;168.0;1.0;488.0;4.99;20200128000000
16554.0;536.0;1.0;237.0;0.99;20200126000000
16305.0;401.0;2.0;446.0;4.99;20200127000000
16218.0;359.0;1.0;284.0;8.99;20200126000000
16270.0;384.0;2.0;279.0;2.99;20200126000000
16221.0;360.0;1.0;633.0;0.99;20200128000000
16626.0;575.0;2.0;769.0;2.99;20200129000000
17019.0;173.0;2.0;578.0;2.99;20200128000000
17203.0;267.0;2.0;91.0;6.99;20200125000000
16455.0;484.0;2.0;35.0;4.99;20200125000000
17035.0;183.0;1.0;382.0;0.99;20200127000000
16264.0;381.0;1.0;835.0;2.99;20200130000000
16319.0;411.0;2.0;686.0;4.99;20200129000000
16107.0;296.0;1.0;869.0;4.99;20200130000000
17199.0;263.0;1.0;266.0;0.99;20200126000000
17166.0;250.0;2.0;687.0;0.99;20200129000000
16328.0;414.0;1.0;261.0;3.99;20200126000000
16965.0;145.0;1.0;500.0;0.99;20200128000000
16253.0;375.0;2.0;307.0;8.99;20200126000000
17140.0;243.0;1.0;188.0;4.99;20200126000000
16607.0;564.0;1.0;985.0;2.99;20200130000000
17108.0;228.0;2.0;1070.0;0.99;20200131000000
16145.0;312.0;1.0;530.0;0.99;20200128000000
16618.0;571.0;1.0;228.0;9.99;20200126000000
16848.0;82.0;2.0;145.0;2.99;20200126000000
16727.0;21.0;1.0;570.0;0.99;20200128000000
16390.0;448.0;2.0;1123.0;2.99;20200131000000
16548.0;534.0;2.0;304.0;5.99;20200126000000
16205.0;350.0;1.0;802.0;4.99;20200129000000
17028.0;179.0;1.0;502.0;0.99;20200128000000
16400.0;452.0;1.0;726.0;1.99;20200129000000
16170.0;323.0;2.0;729.0;2.99;20200129000000
16678.0;1.0;1.0;573.0;0.99;20200128000000
17018.0;172.0;1.0;837.0;0.99;20200130000000
16351.0;430.0;2.0;30.0;2.99;20200125000000
17057.0;196.0;2.0;491.0;2.99;20200128000000
17127.0;239.0;1.0;444.0;2.99;20200127000000
16971.0;149.0;1.0;764.0;4.99;20200129000000
16883.0;104.0;1.0;163.0;10.99;20200126000000
17123.0;237.0;1.0;182.0;4.99;20200126000000
16066.0;274.0;1.0;208.0;4.99;20200126000000
16843.0;77.0;1.0;760.0;5.99;20200129000000
16999.0;162.0;1.0;285.0;1.99;20200126000000
16970.0;148.0;1.0;682.0;4.99;20200129000000
16571.0;546.0;1.0;197.0;5.99;20200126000000
16827.0;71.0;1.0;199.0;2.99;20200126000000
17147.0;245.0;2.0;725.0;2.99;20200129000000
16958.0;142.0;2.0;11.0;8.99;20200125000000
16088.0;287.0;2.0;498.0;0.99;20200128000000
17058.0;196.0;1.0;1053.0;1.99;20200131000000
16295.0;397.0;2.0;1002.0;0.99;20200131000000
16954.0;137.0;1.0;925.0;2.99;20200130000000
16545.0;533.0;1.0;173.0;0.99;20200126000000
16669.0;204.0;1.0;1016.0;1.99;20200131000000
16884.0;104.0;2.0;808.0;3.99;20200129000000
16129.0;306.0;2.0;375.0;3.99;20200127000000
17044.0;187.0;1.0;252.0;7.99;20200126000000
16941.0;130.0;1.0;746.0;2.99;20200129000000
16263.0;381.0;2.0;406.0;2.99;20200127000000
16961.0;143.0;1.0;221.0;2.99;20200126000000
16394.0;450.0;2.0;548.0;3.99;20200128000000
16839.0;77.0;2.0;319.0;2.99;20200127000000
16581.0;549.0;1.0;906.0;3.99;20200130000000
16565.0;543.0;1.0;243.0;6.99;20200126000000
16992.0;159.0;1.0;832.0;3.99;20200130000000
16493.0;504.0;2.0;136.0;5.99;20200125000000
17093.0;219.0;1.0;414.0;0.99;20200127000000
16836.0;75.0;2.0;268.0;0.99;20200126000000
17118.0;235.0;1.0;1148.0;0.99;20200131000000
16929.0;124.0;2.0;1039.0;4.99;20200131000000
16294.0;396.0;2.0;641.0;5.99;20200128000000
16338.0;421.0;1.0;507.0;0.99;20200128000000
17047.0;190.0;1.0;693.0;2.99;20200129000000
16541.0;530.0;1.0;851.0;0.99;20200130000000
17026.0;176.0;1.0;663.0;1.99;20200128000000
17187.0;257.0;2.0;244.0;2.99;20200126000000
17161.0;249.0;1.0;438.0;6.99;20200127000000
16082.0;282.0;2.0;282.0;6.99;20200126000000
16505.0;507.0;1.0;52.0;0.99;20200125000000
16896.0;109.0;1.0;386.0;0.99;20200127000000
16092.0;288.0;2.0;427.0;6.99;20200127000000
16335.0;417.0;2.0;833.0;4.99;20200130000000
16540.0;529.0;1.0;453.0;2.99;20200127000000
16528.0;523.0;2.0;664.0;0.99;20200128000000
17027.0;176.0;1.0;1062.0;7.99;20200131000000
16628.0;576.0;2.0;755.0;2.99;20200129000000
16601.0;562.0;2.0;788.0;2.99;20200129000000
16284.0;390.0;2.0;912.0;4.99;20200130000000
16852.0;83.0;2.0;989.0;2.99;20200131000000
16555.0;536.0;1.0;929.0;6.99;20200130000000
16928.0;124.0;1.0;775.0;0.99;20200129000000
16370.0;438.0;1.0;1138.0;6.99;20200131000000
17016.0;172.0;2.0;449.0;3.99;20200127000000
16975.0;151.0;2.0;164.0;4.99;20200126000000
16959.0;142.0;1.0;148.0;0.99;20200126000000
16790.0;53.0;2.0;856.0;9.99;20200130000000
16934.0;126.0;1.0;752.0;4.99;20200129000000
16374.0;440.0;2.0;957.0;4.99;20200130000000
16091.0;288.0;2.0;93.0;3.99;20200125000000
16096.0;291.0;1.0;54.0;4.99;20200125000000
16988.0;158.0;1.0;293.0;5.99;20200126000000
17138.0;242.0;2.0;283.0;3.99;20200126000000
16643.0;588.0;1.0;576.0;2.99;20200128000000
16681.0;3.0;1.0;830.0;2.99;20200130000000
16956.0;138.0;1.0;1020.0;0.99;20200131000000
17041.0;185.0;1.0;646.0;0.99;20200128000000
16968.0;147.0;1.0;362.0;0.99;20200127000000
16478.0;498.0;2.0;718.0;2.99;20200129000000
16668.0;204.0;2.0;857.0;4.99;20200130000000
16888.0;105.0;1.0;779.0;6.99;20200129000000
17145.0;245.0;1.0;519.0;7.99;20200128000000
16053.0;269.0;2.0;703.0;0.99;20200129000000
16211.0;354.0;2.0;402.0;0.99;20200127000000
17010.0;169.0;2.0;527.0;3.99;20200128000000
16775.0;49.0;2.0;846.0;2.99;20200130000000
16133.0;307.0;1.0;614.0;1.99;20200128000000
16524.0;519.0;1.0;1056.0;3.99;20200131000000
16071.0;275.0;2.0;336.0;2.99;20200127000000
16210.0;354.0;2.0;158.0;1.99;20200126000000
17042.0;186.0;1.0;581.0;1.99;20200128000000
16914.0;115.0;1.0;1102.0;2.99;20200131000000
17205.0;267.0;2.0;1030.0;4.99;20200131000000
16324.0;412.0;2.0;1043.0;3.99;20200131000000
17126.0;239.0;2.0;8.0;4.99;20200125000000
16417.0;465.0;2.0;640.0;0.99;20200128000000
16587.0;551.0;2.0;969.0;4.99;20200130000000
16989.0;159.0;2.0;475.0;2.99;20200127000000
17080.0;210.0;1.0;953.0;2.99;20200130000000
16175.0;326.0;2.0;981.0;4.99;20200130000000
16452.0;482.0;2.0;680.0;2.99;20200129000000
16987.0;158.0;2.0;245.0;4.99;20200126000000
16504.0;506.0;2.0;1153.0;4.99;20200131000000
16777.0;50.0;1.0;763.0;4.99;20200129000000
16952.0;135.0;2.0;753.0;3.99;20200129000000
16949.0;134.0;1.0;814.0;6.99;20200129000000
16277.0;387.0;1.0;697.0;7.99;20200129000000
17092.0;217.0;2.0;1141.0;8.99;20200131000000
16347.0;429.0;2.0;290.0;2.99;20200126000000
16923.0;120.0;2.0;532.0;0.99;20200128000000
16401.0;454.0;1.0;735.0;7.99;20200129000000
17037.0;184.0;2.0;534.0;4.99;20200128000000
17179.0;254.0;1.0;183.0;2.99;20200126000000
16857.0;85.0;2.0;908.0;4.99;20200130000000
16850.0;83.0;2.0;222.0;0.99;20200126000000
16510.0;509.0;1.0;831.0;8.99;20200130000000
16931.0;124.0;2.0;1130.0;5.99;20200131000000
16054.0;269.0;1.0;750.0;4.99;20200129000000
16491.0;503.0;1.0;631.0;2.99;20200128000000
16084.0;284.0;2.0;423.0;0.99;20200127000000
16104.0;295.0;2.0;371.0;3.99;20200127000000
16368.0;438.0;2.0;23.0;4.99;20200125000000
16835.0;75.0;1.0;180.0;4.99;20200126000000
16230.0;366.0;2.0;911.0;6.99;20200130000000
16703.0;14.0;1.0;525.0;5.99;20200128000000
16615.0;569.0;1.0;647.0;1.99;20200128000000
16229.0;365.0;1.0;231.0;4.99;20200126000000
16157.0;316.0;1.0;644.0;8.99;20200128000000
16901.0;109.0;1.0;1115.0;2.99;20200131000000
16136.0;309.0;2.0;218.0;6.99;20200126000000
17095.0;220.0;1.0;480.0;3.99;20200128000000
16534.0;526.0;2.0;1015.0;2.99;20200131000000
16183.0;332.0;2.0;600.0;3.99;20200128000000
16241.0;371.0;1.0;26.0;3.99;20200125000000
16138.0;310.0;2.0;104.0;0.99;20200125000000
16751.0;36.0;1.0;716.0;0.99;20200129000000
16146.0;312.0;2.0;1049.0;4.99;20200131000000
17150.0;246.0;2.0;421.0;8.99;20200127000000
17196.0;261.0;1.0;792.0;0.99;20200129000000
16899.0;109.0;1.0;1061.0;7.99;20200131000000
16714.0;18.0;1.0;116.0;4.99;20200125000000
16766.0;46.0;1.0;938.0;2.99;20200130000000
17194.0;261.0;2.0;465.0;3.99;20200127000000
17133.0;240.0;1.0;460.0;2.99;20200127000000
16631.0;578.0;2.0;660.0;0.99;20200128000000
16193.0;343.0;2.0;102.0;3.99;20200125000000
16198.0;345.0;1.0;363.0;0.99;20200127000000
16081.0;282.0;2.0;48.0;1.99;20200125000000
16568.0;544.0;1.0;864.0;2.99;20200130000000
16599.0;561.0;1.0;902.0;4.99;20200130000000
16402.0;455.0;2.0;115.0;0.99;20200125000000
16583.0;550.0;2.0;922.0;7.99;20200130000000
17089.0;215.0;2.0;1080.0;4.99;20200131000000
16407.0;460.0;1.0;223.0;4.99;20200126000000
17103.0;225.0;1.0;812.0;4.99;20200129000000
16254.0;375.0;1.0;412.0;4.99;20200127000000
16458.0;485.0;1.0;1009.0;2.99;20200131000000
16058.0;271.0;1.0;1096.0;8.99;20200131000000
16709.0;16.0;1.0;1017.0;2.99;20200131000000
17000.0;162.0;1.0;501.0;4.99;20200128000000
16465.0;490.0;2.0;676.0;4.99;20200128000000
16886.0;105.0;2.0;473.0;7.99;20200127000000
16173.0;325.0;1.0;131.0;5.99;20200125000000
16069.0;274.0;2.0;474.0;2.99;20200127000000
17206.0;577.0;2.0;4591.0;0.99;20200127000000
16708.0;16.0;2.0;887.0;0.99;20200130000000
17029.0;179.0;1.0;759.0;6.99;20200129000000
17005.0;167.0;1.0;280.0;2.99;20200126000000
16479.0;499.0;2.0;89.0;2.99;20200125000000
16151.0;313.0;2.0;843.0;0.99;20200130000000
16325.0;413.0;1.0;40.0;4.99;20200125000000
16201.0;348.0;2.0;153.0;0.99;20200126000000
16306.0;401.0;2.0;811.0;1.99;20200129000000
16559.0;539.0;2.0;250.0;4.99;20200126000000
16693.0;8.0;2.0;866.0;6.99;20200130000000
16887.0;105.0;1.0;485.0;2.99;20200128000000
16664.0;599.0;2.0;1008.0;4.99;20200131000000
17052.0;193.0;2.0;464.0;0.99;20200127000000
16132.0;307.0;1.0;535.0;4.99;20200128000000
16517.0;514.0;2.0;536.0;4.99;20200128000000
16250.0;374.0;1.0;521.0;0.99;20200128000000
16779.0;50.0;1.0;905.0;4.99;20200130000000
16530.0;524.0;1.0;982.0;4.99;20200130000000
17011.0;169.0;1.0;1087.0;4.99;20200131000000
16404.0;456.0;2.0;19.0;4.99;20200125000000
16589.0;552.0;2.0;174.0;0.99;20200126000000
16652.0;594.0;1.0;360.0;8.99;20200127000000
17036.0;184.0;1.0;196.0;2.99;20200126000000
16630.0;577.0;2.0;291.0;5.99;20200126000000
17007.0;167.0;1.0;927.0;4.99;20200130000000
16336.0;419.0;1.0;62.0;2.99;20200125000000
16830.0;72.0;2.0;845.0;4.99;20200130000000
16220.0;359.0;1.0;528.0;3.99;20200128000000
16784.0;51.0;2.0;1028.0;4.99;20200131000000
17128.0;239.0;1.0;621.0;4.99;20200128000000
16653.0;594.0;2.0;1018.0;0.99;20200131000000
16759.0;44.0;1.0;99.0;4.99;20200125000000
16288.0;391.0;2.0;870.0;2.99;20200130000000
17088.0;215.0;1.0;711.0;4.99;20200129000000
16746.0;32.0;2.0;1067.0;4.99;20200131000000
16520.0;516.0;2.0;339.0;3.99;20200127000000
16126.0;304.0;1.0;415.0;0.99;20200127000000
17141.0;244.0;2.0;592.0;4.99;20200128000000
16134.0;307.0;1.0;970.0;6.99;20200130000000
17039.0;185.0;2.0;20.0;2.99;20200125000000
17030.0;179.0;1.0;1046.0;4.99;20200131000000
16924.0;121.0;1.0;217.0;4.99;20200126000000
16897.0;109.0;2.0;622.0;3.99;20200128000000
17012.0;170.0;1.0;211.0;2.99;20200126000000
16898.0;109.0;1.0;698.0;0.99;20200129000000
16498.0;506.0;1.0;114.0;3.99;20200125000000
16372.0;439.0;2.0;367.0;0.99;20200127000000
17081.0;211.0;1.0;238.0;4.99;20200126000000
16450.0;481.0;2.0;1109.0;5.99;20200131000000
16428.0;469.0;2.0;936.0;1.99;20200130000000
16283.0;390.0;1.0;254.0;4.99;20200126000000
16718.0;19.0;1.0;179.0;6.99;20200126000000
16476.0;498.0;2.0;49.0;2.99;20200125000000
17191.0;259.0;1.0;1147.0;5.99;20200131000000
16050.0;269.0;2.0;7.0;1.99;20200125000000
16367.0;437.0;1.0;666.0;5.99;20200128000000
16142.0;311.0;2.0;990.0;3.99;20200131000000
16269.0;384.0;2.0;103.0;4.99;20200125000000
16353.0;431.0;2.0;1126.0;2.99;20200131000000
16314.0;407.0;1.0;619.0;7.99;20200128000000
16311.0;405.0;1.0;121.0;2.99;20200125000000
16184.0;332.0;1.0;1000.0;6.99;20200131000000
16140.0;311.0;2.0;544.0;6.99;20200128000000
16085.0;284.0;2.0;791.0;0.99;20200129000000
16828.0;71.0;1.0;272.0;9.99;20200126000000
17099.0;222.0;2.0;416.0;0.99;20200127000000
16483.0;501.0;1.0;493.0;0.99;20200128000000
16443.0;476.0;1.0;771.0;2.99;20200129000000
16640.0;586.0;1.0;900.0;8.99;20200130000000
16767.0;47.0;2.0;175.0;3.99;20200126000000
16257.0;376.0;1.0;554.0;0.99;20200128000000
16569.0;545.0;2.0;248.0;0.99;20200126000000
16166.0;321.0;2.0;818.0;4.99;20200129000000
17171.0;251.0;2.0;1069.0;3.99;20200131000000
16440.0;475.0;2.0;417.0;4.99;20200127000000
16761.0;44.0;2.0;721.0;0.99;20200129000000
16158.0;316.0;1.0;1065.0;1.99;20200131000000
17162.0;249.0;1.0;597.0;3.99;20200128000000
16523.0;518.0;1.0;710.0;2.99;20200129000000
16087.0;286.0;2.0;81.0;6.99;20200125000000
16207.0;352.0;1.0;784.0;2.99;20200129000000
16915.0;116.0;1.0;1058.0;4.99;20200131000000
16580.0;549.0;2.0;852.0;4.99;20200130000000
17071.0;198.0;2.0;1132.0;4.99;20200131000000
16386.0;446.0;1.0;355.0;4.99;20200127000000
16276.0;387.0;2.0;302.0;4.99;20200126000000
17195.0;261.0;2.0;542.0;6.99;20200128000000
16654.0;594.0;1.0;1045.0;6.99;20200131000000
16539.0;528.0;2.0;793.0;5.99;20200129000000
16947.0;134.0;1.0;366.0;3.99;20200127000000
16330.0;416.0;2.0;253.0;0.99;20200126000000
16304.0;401.0;2.0;167.0;4.99;20200126000000
16550.0;535.0;1.0;37.0;0.99;20200125000000
16057.0;270.0;1.0;1040.0;4.99;20200131000000
16595.0;556.0;1.0;1083.0;3.99;20200131000000
16711.0;17.0;1.0;580.0;2.99;20200128000000
16732.0;23.0;1.0;654.0;2.99;20200128000000
16614.0;569.0;1.0;624.0;4.99;20200128000000
16279.0;387.0;1.0;1127.0;3.99;20200131000000
16287.0;391.0;1.0;317.0;5.99;20200127000000
16512.0;510.0;1.0;372.0;5.99;20200127000000
16650.0;593.0;1.0;991.0;8.99;20200131000000
17023.0;176.0;1.0;172.0;0.99;20200126000000
16309.0;403.0;1.0;517.0;0.99;20200128000000
16695.0;9.0;2.0;877.0;0.99;20200130000000
16127.0;304.0;2.0;937.0;2.99;20200130000000
16957.0;141.0;2.0;930.0;2.99;20200130000000
16056.0;270.0;1.0;193.0;1.99;20200126000000
17146.0;245.0;1.0;719.0;2.99;20200129000000
16907.0;113.0;1.0;510.0;0.99;20200128000000
16470.0;494.0;1.0;608.0;4.99;20200128000000
16873.0;95.0;1.0;490.0;4.99;20200128000000
16738.0;26.0;1.0;796.0;2.99;20200129000000
16813.0;61.0;1.0;1157.0;0.99;20200201000000
16118.0;301.0;2.0;227.0;5.99;20200126000000
16199.0;346.0;1.0;65.0;4.99;20200125000000
16768.0;47.0;2.0;207.0;4.99;20200126000000
17060.0;197.0;1.0;215.0;0.99;20200126000000
17164.0;250.0;1.0;176.0;3.99;20200126000000
16927.0;123.0;1.0;992.0;2.99;20200131000000
17077.0;209.0;2.0;340.0;9.99;20200127000000
17021.0;174.0;1.0;41.0;5.99;20200125000000
16275.0;386.0;1.0;583.0;7.99;20200128000000
16147.0;312.0;2.0;1079.0;6.99;20200131000000
16315.0;408.0;2.0;3.0;3.99;20200125000000
17033.0;182.0;2.0;161.0;0.99;20200126000000
16967.0;146.0;1.0;1073.0;4.99;20200131000000
16855.0;84.0;1.0;834.0;4.99;20200130000000
16986.0;157.0;1.0;642.0;4.99;20200128000000
16598.0;560.0;1.0;137.0;2.99;20200125000000
16656.0;596.0;2.0;303.0;4.99;20200126000000
16717.0;19.0;2.0;110.0;9.99;20200125000000
16543.0;531.0;1.0;681.0;2.99;20200129000000
16414.0;463.0;1.0;560.0;1.99;20200128000000
16750.0;36.0;1.0;349.0;0.99;20200127000000
16416.0;464.0;2.0;373.0;1.99;20200127000000
16757.0;43.0;1.0;652.0;4.99;20200128000000
16685.0;6.0;2.0;57.0;4.99;20200125000000
16529.0;524.0;2.0;118.0;0.99;20200125000000
16932.0;125.0;2.0;185.0;3.99;20200126000000
16682.0;5.0;1.0;731.0;0.99;20200129000000
16427.0;469.0;2.0;529.0;4.99;20200128000000
16289.0;391.0;1.0;891.0;7.99;20200130000000
16567.0;544.0;1.0;397.0;2.99;20200127000000
16881.0;103.0;1.0;240.0;7.99;20200126000000
16381.0;444.0;1.0;557.0;0.99;20200128000000
17183.0;256.0;2.0;738.0;4.99;20200129000000
16903.0;110.0;2.0;538.0;1.99;20200128000000
16362.0;436.0;1.0;45.0;7.99;20200125000000
16406.0;459.0;2.0;2.0;2.99;20200125000000
16256.0;375.0;1.0;873.0;2.99;20200130000000
16460.0;486.0;2.0;946.0;2.99;20200130000000
16781.0;50.0;2.0;1136.0;4.99;20200131000000
16106.0;296.0;1.0;511.0;5.99;20200128000000
16948.0;134.0;2.0;798.0;0.99;20200129000000
16150.0;313.0;2.0;781.0;0.99;20200129000000
16463.0;489.0;2.0;513.0;2.99;20200128000000
16471.0;495.0;2.0;623.0;4.99;20200128000000
16588.0;551.0;2.0;1005.0;3.99;20200131000000
16303.0;400.0;2.0;894.0;5.99;20200130000000
16281.0;388.0;2.0;411.0;4.99;20200127000000
16499.0;506.0;2.0;387.0;2.99;20200127000000
16249.0;373.0;2.0;257.0;4.99;20200126000000
16237.0;369.0;1.0;31.0;4.99;20200125000000
16646.0;589.0;1.0;596.0;4.99;20200128000000
16875.0;99.0;2.0;867.0;0.99;20200130000000
17152.0;246.0;1.0;699.0;3.99;20200129000000
16356.0;432.0;1.0;897.0;8.99;20200130000000
16161.0;319.0;1.0;15.0;9.99;20200125000000
16437.0;473.0;2.0;942.0;2.99;20200130000000
16484.0;501.0;1.0;605.0;1.99;20200128000000
16152.0;314.0;1.0;80.0;5.99;20200125000000
16974.0;150.0;1.0;995.0;3.99;20200131000000
16592.0;554.0;1.0;817.0;2.99;20200129000000
16154.0;315.0;1.0;537.0;8.99;20200128000000
17112.0;231.0;1.0;479.0;6.99;20200128000000
17170.0;251.0;2.0;393.0;2.99;20200127000000
16619.0;571.0;2.0;689.0;3.99;20200129000000
16578.0;548.0;2.0;872.0;3.99;20200130000000
16869.0;93.0;2.0;420.0;6.99;20200127000000
16938.0;128.0;2.0;888.0;5.99;20200130000000
16062.0;272.0;1.0;1072.0;0.99;20200131000000
16397.0;451.0;2.0;1113.0;2.99;20200131000000
16141.0;311.0;1.0;952.0;2.99;20200130000000
16327.0;414.0;1.0;85.0;4.99;20200125000000
16735.0;24.0;2.0;1077.0;2.99;20200131000000
16847.0;81.0;1.0;289.0;0.99;20200126000000
16234.0;368.0;1.0;125.0;5.99;20200125000000
17193.0;261.0;1.0;12.0;4.99;20200125000000
16485.0;502.0;2.0;258.0;2.99;20200126000000
16804.0;58.0;1.0;230.0;0.99;20200126000000
16121.0;302.0;2.0;92.0;5.99;20200125000000
16373.0;439.0;1.0;786.0;9.99;20200129000000
17188.0;257.0;2.0;705.0;2.99;20200129000000
16533.0;526.0;2.0;679.0;4.99;20200129000000
17132.0;240.0;1.0;246.0;2.99;20200126000000
16796.0;55.0;1.0;1027.0;9.99;20200131000000
16739.0;26.0;2.0;1105.0;2.99;20200131000000
16916.0;117.0;1.0;700.0;0.99;20200129000000
16360.0;435.0;1.0;757.0;7.99;20200129000000
16801.0;56.0;1.0;569.0;6.99;20200128000000
17004.0;166.0;1.0;662.0;1.99;20200128000000
16572.0;546.0;1.0;482.0;6.99;20200128000000
17121.0;236.0;1.0;1032.0;2.99;20200131000000
16993.0;161.0;2.0;428.0;2.99;20200127000000
16467.0;491.0;2.0;1097.0;0.99;20200131000000
16245.0;371.0;1.0;825.0;0.99;20200129000000
16822.0;67.0;2.0;331.0;9.99;20200127000000
16389.0;448.0;1.0;299.0;4.99;20200126000000
17202.0;266.0;2.0;651.0;2.99;20200128000000
17098.0;222.0;1.0;134.0;4.99;20200125000000
16495.0;504.0;1.0;838.0;4.99;20200130000000
16840.0;77.0;1.0;419.0;1.99;20200127000000
16647.0;589.0;1.0;737.0;4.99;20200129000000
16824.0;69.0;2.0;584.0;4.99;20200128000000
17157.0;248.0;2.0;330.0;7.99;20200127000000
16861.0;88.0;2.0;36.0;2.99;20200125000000
17120.0;236.0;2.0;344.0;2.99;20200127000000
16805.0;58.0;2.0;276.0;7.99;20200126000000
16424.0;468.0;1.0;673.0;0.99;20200128000000
16889.0;106.0;2.0;552.0;3.99;20200128000000
16864.0;89.0;1.0;740.0;5.99;20200129000000
16726.0;21.0;2.0;463.0;3.99;20200127000000
16713.0;18.0;1.0;50.0;2.99;20200125000000
16560.0;539.0;1.0;342.0;0.99;20200127000000
16216.0;357.0;2.0;945.0;0.99;20200130000000
16816.0;64.0;1.0;494.0;4.99;20200128000000
16698.0;11.0;1.0;987.0;6.99;20200131000000
16376.0;442.0;2.0;466.0;0.99;20200127000000
16299.0;399.0;2.0;883.0;4.99;20200130000000
16998.0;161.0;1.0;1003.0;0.99;20200131000000
16729.0;22.0;1.0;556.0;4.99;20200128000000
16611.0;566.0;2.0;768.0;4.99;20200129000000
16449.0;480.0;2.0;822.0;9.99;20200129000000
16332.0;416.0;2.0;1031.0;2.99;20200131000000
16472.0;495.0;2.0;741.0;4.99;20200129000000
16798.0;56.0;1.0;130.0;3.99;20200125000000
16731.0;23.0;1.0;129.0;8.99;20200125000000
16434.0;472.0;2.0;800.0;0.99;20200129000000
16182.0;331.0;1.0;996.0;2.99;20200131000000
16194.0;343.0;1.0;455.0;3.99;20200127000000
16756.0;43.0;2.0;123.0;4.99;20200125000000
17066.0;197.0;1.0;918.0;0.99;20200130000000
16109.0;297.0;2.0;143.0;0.99;20200126000000
17160.0;249.0;2.0;400.0;2.99;20200127000000
16469.0;493.0;1.0;543.0;7.99;20200128000000
16197.0;345.0;1.0;206.0;0.99;20200126000000
16853.0;84.0;2.0;408.0;0.99;20200127000000
16721.0;19.0;2.0;696.0;2.99;20200129000000
16502.0;506.0;2.0;907.0;0.99;20200130000000
16137.0;309.0;2.0;723.0;0.99;20200129000000
16487.0;502.0;1.0;893.0;2.99;20200130000000
16408.0;460.0;2.0;298.0;0.99;20200126000000
16508.0;508.0;2.0;921.0;2.99;20200130000000
16747.0;33.0;1.0;165.0;2.99;20200126000000
16128.0;305.0;2.0;69.0;2.99;20200125000000
16375.0;441.0;1.0;823.0;4.99;20200129000000
16904.0;111.0;2.0;505.0;2.99;20200128000000
16509.0;509.0;1.0;22.0;4.99;20200125000000
16622.0;574.0;2.0;433.0;0.99;20200127000000
17063.0;197.0;1.0;683.0;2.99;20200129000000
16772.0;48.0;1.0;390.0;4.99;20200127000000
16812.0;60.0;2.0;934.0;2.99;20200130000000
16849.0;82.0;2.0;288.0;8.99;20200126000000
17107.0;228.0;2.0;492.0;4.99;20200128000000
16308.0;403.0;1.0;442.0;2.99;20200127000000
16482.0;500.0;1.0;610.0;0.99;20200128000000
16361.0;435.0;1.0;806.0;4.99;20200129000000
16122.0;303.0;1.0;265.0;0.99;20200126000000
16515.0;511.0;1.0;819.0;3.99;20200129000000
17192.0;260.0;1.0;1101.0;8.99;20200131000000
16318.0;409.0;1.0;310.0;6.99;20200127000000
16120.0;302.0;2.0;38.0;4.99;20200125000000
16380.0;444.0;1.0;201.0;8.99;20200126000000
16442.0;476.0;1.0;489.0;4.99;20200128000000
16522.0;517.0;2.0;850.0;4.99;20200130000000
16301.0;400.0;2.0;171.0;6.99;20200126000000
16516.0;513.0;2.0;993.0;4.99;20200131000000
16228.0;365.0;2.0;120.0;5.99;20200125000000
16222.0;360.0;2.0;777.0;4.99;20200129000000
16364.0;436.0;1.0;848.0;5.99;20200130000000
16235.0;368.0;1.0;836.0;2.99;20200130000000
16312.0;405.0;2.0;770.0;4.99;20200129000000
16217.0;358.0;2.0;858.0;4.99;20200130000000
16712.0;17.0;2.0;884.0;4.99;20200130000000
17204.0;267.0;1.0;436.0;4.99;20200127000000
16749.0;35.0;1.0;424.0;6.99;20200127000000
17180.0;254.0;1.0;1108.0;5.99;20200131000000
16699.0;12.0;1.0;988.0;4.99;20200131000000
16670.0;207.0;1.0;39.0;0.99;20200125000000
17053.0;194.0;2.0;334.0;4.99;20200127000000
16806.0;58.0;2.0;761.0;0.99;20200129000000
16905.0;112.0;1.0;396.0;0.99;20200127000000
16758.0;44.0;1.0;29.0;0.99;20200125000000
16496.0;505.0;1.0;159.0;2.99;20200126000000
16083.0;282.0;2.0;564.0;0.99;20200128000000
16525.0;520.0;1.0;962.0;6.99;20200130000000
16297.0;399.0;2.0;10.0;5.99;20200125000000
16051.0;269.0;1.0;98.0;0.99;20200125000000
16734.0;24.0;2.0;1007.0;6.99;20200131000000
16116.0;300.0;1.0;1111.0;4.99;20200131000000
17143.0;245.0;2.0;79.0;4.99;20200125000000
16603.0;562.0;1.0;1139.0;5.99;20200131000000
16770.0;48.0;2.0;72.0;0.99;20200125000000
16942.0;131.0;2.0;55.0;2.99;20200125000000
16845.0;79.0;1.0;859.0;2.99;20200130000000
17072.0;199.0;1.0;499.0;7.99;20200128000000
16774.0;49.0;1.0;239.0;3.99;20200126000000
16715.0;18.0;1.0;692.0;4.99;20200129000000
17101.0;222.0;2.0;1006.0;2.99;20200131000000
16577.0;548.0;1.0;743.0;4.99;20200129000000
16902.0;110.0;1.0;515.0;7.99;20200128000000
16794.0;54.0;2.0;545.0;3.99;20200128000000
16621.0;573.0;2.0;827.0;2.99;20200129000000
16357.0;433.0;2.0;146.0;8.99;20200126000000
16342.0;425.0;2.0;1098.0;5.99;20200131000000
16337.0;420.0;2.0;744.0;4.99;20200129000000
16997.0;161.0;1.0;612.0;2.99;20200128000000
16473.0;496.0;2.0;322.0;4.99;20200127000000
16930.0;124.0;2.0;1057.0;3.99;20200131000000
16557.0;538.0;2.0;594.0;2.99;20200128000000
16296.0;398.0;1.0;486.0;4.99;20200128000000
16814.0;62.0;2.0;885.0;0.99;20200130000000
16369.0;438.0;2.0;1036.0;0.99;20200131000000
16363.0;436.0;1.0;256.0;3.99;20200126000000
16155.0;315.0;1.0;551.0;4.99;20200128000000
16707.0;16.0;1.0;593.0;2.99;20200128000000
16494.0;504.0;2.0;470.0;4.99;20200127000000
16651.0;594.0;1.0;313.0;4.99;20200127000000
16410.0;460.0;2.0;1064.0;4.99;20200131000000
16313.0;406.0;1.0;855.0;0.99;20200130000000
17008.0;168.0;2.0;404.0;0.99;20200127000000
16566.0;543.0;2.0;476.0;1.99;20200128000000
16918.0;118.0;2.0;351.0;5.99;20200127000000
16343.0;426.0;2.0;604.0;0.99;20200128000000
16831.0;72.0;2.0;1047.0;0.99;20200131000000
16542.0;531.0;1.0;233.0;4.99;20200126000000
16200.0;346.0;1.0;810.0;4.99;20200129000000
16322.0;412.0;1.0;333.0;4.99;20200127000000
16187.0;334.0;1.0;431.0;8.99;20200127000000
16584.0;551.0;2.0;155.0;7.99;20200126000000
16188.0;337.0;1.0;374.0;6.99;20200127000000
16972.0;150.0;1.0;422.0;3.99;20200127000000
16838.0;76.0;1.0;926.0;0.99;20200130000000
16068.0;274.0;1.0;394.0;5.99;20200127000000
16206.0;351.0;1.0;1137.0;1.99;20200131000000
16892.0;107.0;1.0;1026.0;5.99;20200131000000
17054.0;194.0;2.0;677.0;7.99;20200129000000
16176.0;326.0;2.0;1149.0;3.99;20200131000000
16810.0;60.0;1.0;318.0;4.99;20200127000000
16973.0;150.0;1.0;609.0;2.99;20200128000000
16672.0;207.0;1.0;659.0;0.99;20200128000000
16413.0;462.0;2.0;590.0;3.99;20200128000000
16302.0;400.0;2.0;516.0;1.99;20200128000000
16863.0;89.0;2.0;588.0;0.99;20200128000000
17076.0;201.0;2.0;756.0;5.99;20200129000000
16694.0;9.0;2.0;350.0;4.99;20200127000000
16099.0;292.0;1.0;324.0;0.99;20200127000000
16341.0;424.0;2.0;403.0;0.99;20200127000000
16202.0;348.0;2.0;821.0;0.99;20200129000000
16811.0;60.0;2.0;706.0;1.99;20200129000000
16807.0;59.0;2.0;212.0;4.99;20200126000000
16644.0;588.0;1.0;961.0;4.99;20200130000000
17153.0;246.0;1.0;1051.0;4.99;20200131000000
16536.0;528.0;2.0;472.0;0.99;20200127000000
16274.0;385.0;2.0;1038.0;4.99;20200131000000
17124.0;238.0;2.0;315.0;4.99;20200127000000
16398.0;452.0;1.0;354.0;2.99;20200127000000
17070.0;198.0;1.0;932.0;2.99;20200130000000
16433.0;472.0;2.0;249.0;2.99;20200126000000
17185.0;256.0;1.0;1116.0;0.99;20200131000000
16242.0;371.0;2.0;286.0;6.99;20200126000000
16701.0;14.0;1.0;151.0;0.99;20200126000000
16764.0;46.0;2.0;401.0;2.99;20200127000000
16922.0;120.0;2.0;68.0;7.99;20200125000000
17189.0;259.0;2.0;722.0;6.99;20200129000000
17091.0;217.0;2.0;828.0;2.99;20200129000000
16531.0;525.0;1.0;437.0;5.99;20200127000000
16102.0;293.0;2.0;1034.0;8.99;20200131000000
16728.0;22.0;1.0;370.0;4.99;20200127000000
16329.0;415.0;2.0;665.0;4.99;20200128000000
16156.0;316.0;1.0;16.0;4.99;20200125000000
16593.0;556.0;1.0;184.0;0.99;20200126000000
16556.0;537.0;2.0;603.0;4.99;20200128000000
17111.0;231.0;1.0;329.0;5.99;20200127000000
16286.0;391.0;1.0;210.0;2.99;20200126000000
16208.0;353.0;2.0;1103.0;6.99;20200131000000
16705.0;14.0;2.0;815.0;0.99;20200129000000
16411.0;461.0;1.0;684.0;6.99;20200129000000
16448.0;480.0;1.0;720.0;6.99;20200129000000
16468.0;492.0;1.0;84.0;2.99;20200125000000
16634.0;581.0;1.0;1151.0;4.99;20200131000000
16511.0;510.0;1.0;75.0;8.99;20200125000000
16255.0;375.0;2.0;749.0;4.99;20200129000000
17055.0;196.0;2.0;106.0;11.99;20200125000000
16733.0;23.0;2.0;1090.0;0.99;20200131000000
16720.0;19.0;2.0;591.0;2.99;20200128000000
16608.0;565.0;1.0;458.0;6.99;20200127000000
16844.0;79.0;1.0;840.0;4.99;20200130000000
16240.0;369.0;2.0;913.0;7.99;20200130000000
17177.0;253.0;1.0;648.0;0.99;20200128000000
16546.0;533.0;2.0;190.0;1.99;20200126000000
17069.0;198.0;2.0;639.0;2.99;20200128000000
16551.0;535.0;2.0;541.0;2.99;20200128000000
16215.0;357.0;1.0;824.0;4.99;20200129000000
16773.0;49.0;2.0;96.0;1.99;20200125000000
17154.0;247.0;1.0;189.0;4.99;20200126000000
16430.0;470.0;2.0;60.0;2.99;20200125000000
16688.0;7.0;2.0;46.0;5.99;20200125000000
16683.0;5.0;1.0;1085.0;6.99;20200131000000
16960.0;142.0;1.0;575.0;9.99;20200128000000
17109.0;230.0;1.0;32.0;0.99;20200125000000
16624.0;575.0;1.0;395.0;0.99;20200127000000
17046.0;190.0;2.0;430.0;4.99;20200127000000
16244.0;371.0;1.0;384.0;5.99;20200127000000
16114.0;300.0;2.0;457.0;0.99;20200127000000
16991.0;159.0;1.0;598.0;0.99;20200128000000
16604.0;563.0;1.0;758.0;4.99;20200129000000
16459.0;486.0;1.0;909.0;8.99;20200130000000
16833.0;73.0;2.0;1133.0;4.99;20200131000000
16300.0;400.0;1.0;95.0;3.99;20200125000000
17073.0;200.0;2.0;270.0;9.99;20200126000000
17106.0;227.0;1.0;1023.0;3.99;20200131000000
16590.0;553.0;2.0;789.0;4.99;20200129000000
16782.0;51.0;2.0;119.0;4.99;20200125000000
17122.0;237.0;2.0;133.0;0.99;20200125000000
16919.0;119.0;2.0;67.0;0.99;20200125000000
17156.0;247.0;1.0;450.0;6.99;20200127000000
17176.0;253.0;1.0;566.0;6.99;20200128000000
16821.0;66.0;2.0;933.0;4.99;20200130000000
16064.0;273.0;2.0;980.0;0.99;20200130000000
16212.0;355.0;1.0;1110.0;3.99;20200131000000
16521.0;516.0;1.0;571.0;1.99;20200128000000
16985.0;157.0;2.0;352.0;0.99;20200127000000
16110.0;297.0;1.0;954.0;3.99;20200130000000
17174.0;252.0;1.0;707.0;4.99;20200129000000
16490.0;503.0;1.0;353.0;5.99;20200127000000
16420.0;468.0;2.0;101.0;6.99;20200125000000
16409.0;460.0;1.0;880.0;0.99;20200130000000
16561.0;541.0;1.0;1021.0;7.99;20200131000000
16946.0;133.0;2.0;447.0;2.99;20200127000000
16627.0;575.0;1.0;774.0;4.99;20200129000000
16871.0;94.0;1.0;127.0;2.99;20200125000000
16124.0;303.0;2.0;1050.0;4.99;20200131000000
16204.0;350.0;1.0;24.0;4.99;20200125000000
16841.0;77.0;2.0;561.0;2.99;20200128000000
16065.0;274.0;1.0;147.0;2.99;20200126000000
16446.0;479.0;1.0;709.0;7.99;20200129000000
16232.0;367.0;1.0;1089.0;2.99;20200131000000
16500.0;506.0;2.0;410.0;3.99;20200127000000
16488.0;502.0;2.0;965.0;0.99;20200130000000
16181.0;331.0;2.0;87.0;0.99;20200125000000
17067.0;198.0;1.0;357.0;0.99;20200127000000
16371.0;439.0;1.0;126.0;2.99;20200125000000
16379.0;443.0;2.0;1068.0;4.99;20200131000000
16868.0;93.0;2.0;113.0;2.99;20200125000000
16395.0;451.0;2.0;77.0;0.99;20200125000000
16139.0;311.0;2.0;274.0;5.99;20200126000000
16258.0;378.0;1.0;347.0;0.99;20200127000000
16350.0;429.0;2.0;844.0;4.99;20200130000000
16797.0;55.0;1.0;1048.0;0.99;20200131000000
16575.0;547.0;2.0;1094.0;1.99;20200131000000
16633.0;581.0;1.0;976.0;4.99;20200130000000
16803.0;57.0;2.0;943.0;4.99;20200130000000
17084.0;214.0;1.0;278.0;3.99;20200126000000
17087.0;214.0;2.0;1112.0;0.99;20200131000000
17131.0;239.0;2.0;1082.0;5.99;20200131000000
16074.0;277.0;2.0;308.0;6.99;20200126000000
17043.0;186.0;2.0;958.0;0.99;20200130000000
16063.0;273.0;2.0;122.0;3.99;20200125000000
17085.0;214.0;1.0;1076.0;2.99;20200131000000
16518.0;515.0;2.0;187.0;8.99;20200126000000
16412.0;462.0;2.0;156.0;2.99;20200126000000
17165.0;250.0;1.0;637.0;4.99;20200128000000
17079.0;209.0;2.0;1143.0;2.99;20200131000000
17129.0;239.0;1.0;636.0;6.99;20200128000000
16213.0;356.0;2.0;1088.0;4.99;20200131000000
16125.0;304.0;1.0;135.0;10.99;20200125000000
16677.0;1.0;1.0;76.0;2.99;20200125000000
16940.0;130.0;1.0;1.0;2.99;20200125000000
16609.0;565.0;1.0;1004.0;0.99;20200131000000
16393.0;449.0;1.0;849.0;7.99;20200130000000
16837.0;76.0;2.0;574.0;1.99;20200128000000
16538.0;528.0;2.0;695.0;3.99;20200129000000
16317.0;408.0;1.0;526.0;2.99;20200128000000
17197.0;262.0;2.0;984.0;4.99;20200130000000
16355.0;432.0;1.0;550.0;5.99;20200128000000
16620.0;572.0;2.0;559.0;7.99;20200128000000
16667.0;204.0;2.0;399.0;4.99;20200127000000
16562.0;541.0;1.0;1066.0;4.99;20200131000000
16089.0;287.0;1.0;655.0;2.99;20200128000000
16856.0;85.0;1.0;690.0;9.99;20200129000000
16953.0;136.0;2.0;1150.0;2.99;20200131000000
16334.0;417.0;2.0;630.0;8.99;20200128000000
16658.0;596.0;2.0;667.0;4.99;20200128000000
16745.0;32.0;2.0;803.0;4.99;20200129000000
17025.0;176.0;1.0;553.0;3.99;20200128000000
16227.0;364.0;1.0;462.0;5.99;20200127000000
16990.0;159.0;2.0;549.0;1.99;20200128000000
16248.0;372.0;1.0;638.0;2.99;20200128000000
17110.0;230.0;1.0;1078.0;4.99;20200131000000
16292.0;394.0;1.0;213.0;3.99;20200126000000
16663.0;597.0;2.0;514.0;8.99;20200128000000
16980.0;154.0;2.0;865.0;7.99;20200130000000
16696.0;9.0;2.0;1075.0;4.99;20200131000000
16606.0;564.0;2.0;195.0;5.99;20200126000000
16976.0;151.0;2.0;418.0;5.99;20200127000000
17032.0;181.0;2.0;579.0;6.99;20200128000000
17182.0;256.0;1.0;232.0;0.99;20200126000000
17190.0;259.0;2.0;901.0;2.99;20200130000000
16744.0;32.0;2.0;483.0;4.99;20200128000000
16785.0;52.0;1.0;874.0;0.99;20200130000000
16686.0;6.0;1.0;577.0;2.99;20200128000000
16860.0;87.0;1.0;674.0;2.99;20200128000000
17097.0;222.0;1.0;5.0;6.99;20200125000000
16979.0;154.0;1.0;469.0;5.99;20200127000000
16563.0;542.0;1.0;220.0;4.99;20200126000000
16671.0;207.0;1.0;44.0;0.99;20200125000000
17100.0;222.0;2.0;809.0;3.99;20200129000000
16423.0;468.0;2.0;459.0;0.99;20200127000000
16964.0;144.0;2.0;345.0;2.99;20200127000000
16605.0;563.0;2.0;773.0;5.99;20200129000000
16573.0;547.0;1.0;306.0;0.99;20200126000000
17116.0;234.0;2.0;1125.0;4.99;20200131000000
17139.0;242.0;2.0;881.0;4.99;20200130000000
16426.0;469.0;2.0;506.0;7.99;20200128000000
16697.0;10.0;2.0;1140.0;4.99;20200131000000
16719.0;19.0;1.0;337.0;2.99;20200127000000
17002.0;164.0;2.0;1011.0;1.99;20200131000000
16172.0;324.0;2.0;563.0;3.99;20200128000000
17115.0;232.0;1.0;805.0;3.99;20200129000000
16503.0;506.0;1.0;1042.0;2.99;20200131000000
16937.0;127.0;1.0;708.0;0.99;20200129000000
16966.0;146.0;2.0;762.0;7.99;20200129000000
16763.0;45.0;2.0;277.0;2.99;20200126000000
16382.0;445.0;1.0;481.0;2.99;20200128000000
16876.0;100.0;1.0;71.0;0.99;20200125000000
16475.0;497.0;1.0;1100.0;7.99;20200131000000
16636.0;584.0;2.0;379.0;4.99;20200127000000
16214.0;357.0;1.0;144.0;2.99;20200126000000
16391.0;449.0;2.0;263.0;4.99;20200126000000
16706.0;16.0;1.0;335.0;3.99;20200127000000
17075.0;201.0;1.0;670.0;6.99;20200128000000
16823.0;67.0;1.0;767.0;2.99;20200129000000
17051.0;193.0;2.0;273.0;2.99;20200126000000
16164.0;321.0;2.0;200.0;4.99;20200126000000
16130.0;306.0;2.0;672.0;6.99;20200128000000
17148.0;245.0;2.0;948.0;8.99;20200130000000
16662.0;597.0;2.0;34.0;2.99;20200125000000
16778.0;50.0;1.0;794.0;4.99;20200129000000
16447.0;480.0;1.0;518.0;0.99;20200128000000
16891.0;107.0;1.0;170.0;5.99;20200126000000
17117.0;235.0;2.0;807.0;2.99;20200129000000
16438.0;473.0;2.0;973.0;3.99;20200130000000
16067.0;274.0;2.0;301.0;2.99;20200126000000
16527.0;523.0;1.0;42.0;4.99;20200125000000
16674.0;207.0;2.0;896.0;3.99;20200130000000
16935.0;126.0;2.0;1054.0;4.99;20200131000000
17201.0;266.0;1.0;86.0;1.99;20200125000000
16859.0;87.0;2.0;451.0;4.99;20200127000000
16507.0;508.0;1.0;369.0;2.99;20200127000000
16310.0;404.0;2.0;1081.0;5.99;20200131000000
16574.0;547.0;2.0;443.0;8.99;20200127000000
17104.0;225.0;1.0;963.0;3.99;20200130000000
16111.0;298.0;1.0;383.0;3.99;20200127000000
16582.0;549.0;2.0;1086.0;4.99;20200131000000
16933.0;126.0;1.0;9.0;4.99;20200125000000
17038.0;184.0;1.0;567.0;1.99;20200128000000
17181.0;256.0;1.0;51.0;4.99;20200125000000
17134.0;240.0;1.0;643.0;4.99;20200128000000
16177.0;327.0;1.0;653.0;6.99;20200128000000
17113.0;231.0;1.0;512.0;8.99;20200128000000
16982.0;155.0;1.0;568.0;2.99;20200128000000
16579.0;549.0;1.0;6.0;0.99;20200125000000
16576.0;548.0;2.0;177.0;6.99;20200126000000
17173.0;251.0;2.0;1155.0;2.99;20200131000000
17158.0;248.0;1.0;618.0;4.99;20200128000000
16349.0;429.0;2.0;799.0;4.99;20200129000000
16101.0;293.0;1.0;924.0;4.99;20200130000000
16377.0;442.0;2.0;558.0;6.99;20200128000000
17149.0;246.0;1.0;124.0;6.99;20200125000000
17155.0;247.0;2.0;448.0;3.99;20200127000000
16168.0;322.0;1.0;269.0;4.99;20200126000000
16945.0;133.0;1.0;275.0;6.99;20200126000000
17096.0;221.0;2.0;226.0;4.99;20200126000000
17024.0;176.0;2.0;380.0;6.99;20200127000000
16753.0;37.0;1.0;923.0;2.99;20200130000000
16911.0;114.0;2.0;889.0;2.99;20200130000000
16267.0;383.0;2.0;63.0;0.99;20200125000000
17186.0;257.0;2.0;139.0;2.99;20200126000000
16383.0;445.0;1.0;960.0;2.99;20200130000000
16944.0;131.0;2.0;944.0;7.99;20200130000000
16055.0;269.0;2.0;1099.0;2.99;20200131000000
16366.0;437.0;2.0;656.0;4.99;20200128000000
16354.0;432.0;2.0;326.0;7.99;20200127000000
17031.0;180.0;1.0;1122.0;2.99;20200131000000
17172.0;251.0;1.0;1091.0;4.99;20200131000000
16846.0;79.0;1.0;928.0;2.99;20200130000000
16461.0;486.0;2.0;1129.0;0.99;20200131000000
17130.0;239.0;1.0;1022.0;7.99;20200131000000
16282.0;389.0;1.0;998.0;4.99;20200131000000
16231.0;367.0;1.0;939.0;0.99;20200130000000
16113.0;299.0;2.0;606.0;8.99;20200128000000
16421.0;468.0;1.0;186.0;4.99;20200126000000
16171.0;323.0;1.0;878.0;5.99;20200130000000
16290.0;393.0;1.0;599.0;4.99;20200128000000
16103.0;294.0;1.0;595.0;1.99;20200128000000
16225.0;362.0;2.0;1035.0;4.99;20200131000000
16252.0;374.0;2.0;919.0;0.99;20200130000000
16119.0;301.0;1.0;955.0;0.99;20200130000000
16262.0;381.0;2.0;169.0;0.99;20200126000000
16385.0;446.0;1.0;236.0;0.99;20200126000000
16910.0;114.0;1.0;255.0;4.99;20200126000000
17175.0;252.0;1.0;1095.0;0.99;20200131000000
17198.0;263.0;1.0;97.0;4.99;20200125000000
16174.0;326.0;1.0;875.0;6.99;20200130000000
16159.0;317.0;1.0;107.0;6.99;20200125000000
16418.0;466.0;2.0;1104.0;2.99;20200131000000
17006.0;167.0;1.0;365.0;2.99;20200127000000
16736.0;25.0;1.0;90.0;7.99;20200125000000
16783.0;51.0;1.0;661.0;4.99;20200128000000
16939.0;128.0;2.0;1131.0;2.99;20200131000000
16203.0;349.0;1.0;890.0;4.99;20200130000000
16112.0;299.0;1.0;332.0;5.99;20200127000000
16661.0;596.0;1.0;974.0;6.99;20200130000000
17014.0;170.0;2.0;504.0;0.99;20200128000000
16489.0;503.0;2.0;109.0;1.99;20200125000000
16105.0;296.0;2.0;162.0;4.99;20200126000000
16143.0;311.0;2.0;1128.0;6.99;20200131000000
17068.0;198.0;1.0;582.0;4.99;20200128000000
16280.0;388.0;2.0;21.0;4.99;20200125000000
16984.0;156.0;1.0;1052.0;4.99;20200131000000
16293.0;394.0;1.0;977.0;2.99;20200130000000
16435.0;472.0;2.0;994.0;4.99;20200131000000
16817.0;64.0;1.0;587.0;0.99;20200128000000
16399.0;452.0;2.0;714.0;2.99;20200129000000
16689.0;7.0;2.0;117.0;0.99;20200125000000
16405.0;457.0;2.0;1024.0;7.99;20200131000000
16223.0;361.0;1.0;368.0;5.99;20200127000000
16519.0;515.0;2.0;292.0;6.99;20200126000000
16978.0;152.0;1.0;745.0;4.99;20200129000000
16180.0;330.0;2.0;967.0;7.99;20200130000000
16673.0;207.0;2.0;826.0;6.99;20200129000000
16191.0;338.0;1.0;675.0;0.99;20200128000000
16741.0;28.0;2.0;388.0;2.99;20200127000000
16436.0;473.0;1.0;348.0;4.99;20200127000000
16403.0;455.0;2.0;343.0;0.99;20200127000000
17078.0;209.0;1.0;471.0;0.99;20200127000000
16457.0;484.0;2.0;727.0;2.99;20200129000000
17065.0;197.0;1.0;903.0;3.99;20200130000000
16339.0;421.0;1.0;931.0;0.99;20200130000000
16060.0;272.0;1.0;405.0;6.99;20200127000000
17083.0;214.0;1.0;242.0;1.99;20200126000000
17034.0;182.0;2.0;425.0;3.99;20200127000000
16771.0;48.0;1.0;297.0;2.99;20200126000000
16186.0;334.0;1.0;13.0;6.99;20200125000000
16316.0;408.0;2.0;59.0;5.99;20200125000000
16481.0;500.0;1.0;389.0;8.99;20200127000000
16951.0;135.0;1.0;78.0;5.99;20200125000000
16684.0;5.0;1.0;1142.0;1.99;20200131000000
17040.0;185.0;2.0;154.0;0.99;20200126000000
17050.0;192.0;1.0;895.0;1.99;20200130000000
16748.0;35.0;2.0;47.0;3.99;20200125000000
16737.0;25.0;2.0;1033.0;2.99;20200131000000
17048.0;191.0;1.0;1134.0;2.99;20200131000000
16238.0;369.0;1.0;294.0;4.99;20200126000000
16880.0;102.0;2.0;562.0;1.99;20200128000000
16913.0;115.0;1.0;983.0;0.99;20200130000000
16730.0;22.0;2.0;820.0;8.99;20200129000000
16260.0;379.0;1.0;863.0;4.99;20200130000000
16456.0;484.0;2.0;668.0;2.99;20200128000000
16834.0;74.0;2.0;1121.0;6.99;20200131000000
16219.0;359.0;2.0;392.0;2.99;20200127000000
16359.0;434.0;2.0;508.0;5.99;20200128000000
17163.0;250.0;1.0;61.0;5.99;20200125000000
16474.0;496.0;2.0;966.0;0.99;20200130000000
16641.0;587.0;1.0;181.0;4.99;20200126000000
16123.0;303.0;1.0;871.0;2.99;20200130000000
16097.0;291.0;2.0;747.0;4.99;20200129000000
17200.0;265.0;2.0;74.0;0.99;20200125000000
16466.0;491.0;1.0;484.0;2.99;20200128000000
16115.0;300.0;1.0;780.0;3.99;20200129000000
16497.0;505.0;1.0;645.0;2.99;20200128000000
17074.0;201.0;1.0;311.0;3.99;20200127000000
16344.0;427.0;2.0;82.0;6.99;20200125000000
16388.0;447.0;2.0;732.0;0.99;20200129000000
16789.0;53.0;2.0;783.0;5.99;20200129000000
16786.0;53.0;1.0;88.0;3.99;20200125000000
16872.0;94.0;2.0;629.0;4.99;20200128000000
16553.0;535.0;2.0;959.0;4.99;20200130000000
16425.0;469.0;1.0;168.0;0.99;20200126000000
16885.0;105.0;1.0;327.0;8.99;20200127000000
16638.0;584.0;1.0;920.0;4.99;20200130000000
16890.0;106.0;2.0;1156.0;0.99;20200201000000
16094.0;288.0;2.0;565.0;5.99;20200128000000
16059.0;272.0;1.0;33.0;0.99;20200125000000
16273.0;385.0;1.0;917.0;2.99;20200130000000
16298.0;399.0;2.0;694.0;6.99;20200129000000
16893.0;108.0;1.0;105.0;4.99;20200125000000
17178.0;253.0;1.0;986.0;2.99;20200130000000
16323.0;412.0;1.0;717.0;0.99;20200129000000
16167.0;322.0;2.0;166.0;0.99;20200126000000
16765.0;46.0;2.0;432.0;4.99;20200127000000
16247.0;372.0;1.0;617.0;2.99;20200128000000
17151.0;246.0;2.0;434.0;5.99;20200127000000
16895.0;109.0;1.0;203.0;5.99;20200126000000
17062.0;197.0;2.0;649.0;1.99;20200128000000
16795.0;55.0;1.0;555.0;4.99;20200128000000
16075.0;278.0;1.0;1092.0;4.99;20200131000000
16570.0;545.0;2.0;715.0;3.99;20200129000000
16760.0;44.0;1.0;407.0;2.99;20200127000000
16977.0;152.0;2.0;359.0;4.99;20200127000000
16477.0;498.0;1.0;429.0;8.99;20200127000000
16925.0;122.0;2.0;853.0;0.99;20200130000000
16723.0;20.0;2.0;497.0;6.99;20200128000000
16586.0;551.0;1.0;795.0;0.99;20200129000000
16762.0;44.0;1.0;904.0;2.99;20200130000000
16462.0;489.0;1.0;219.0;4.99;20200126000000
16537.0;528.0;1.0;533.0;5.99;20200128000000
16649.0;593.0;1.0;790.0;2.99;20200129000000
16639.0;586.0;1.0;138.0;4.99;20200126000000
16865.0;91.0;2.0;216.0;5.99;20200126000000
16680.0;3.0;1.0;435.0;1.99;20200127000000
16660.0;596.0;1.0;914.0;2.99;20200130000000
16326.0;413.0;1.0;999.0;4.99;20200131000000
17017.0;172.0;1.0;685.0;6.99;20200129000000
17159.0;249.0;2.0;316.0;4.99;20200127000000
16454.0;483.0;2.0;742.0;6.99;20200129000000
16185.0;333.0;1.0;4.0;4.99;20200125000000
16877.0;101.0;1.0;468.0;9.99;20200127000000
16100.0;293.0;2.0;445.0;0.99;20200127000000
16189.0;337.0;1.0;572.0;4.99;20200128000000
16392.0;449.0;2.0;325.0;5.99;20200127000000
16547.0;533.0;1.0;615.0;5.99;20200128000000
16144.0;312.0;2.0;229.0;4.99;20200126000000
16441.0;475.0;1.0;702.0;0.99;20200129000000
17184.0;256.0;1.0;935.0;2.99;20200130000000
16809.0;59.0;1.0;1154.0;5.99;20200131000000
16532.0;526.0;1.0;495.0;4.99;20200128000000
16776.0;49.0;2.0;1010.0;4.99;20200131000000
16632.0;580.0;1.0;611.0;0.99;20200128000000
16675.0;207.0;2.0;1144.0;3.99;20200131000000
16095.0;290.0;1.0;160.0;2.99;20200126000000
16236.0;368.0;1.0;949.0;2.99;20200130000000
16625.0;575.0;2.0;454.0;4.99;20200127000000
16090.0;287.0;2.0;964.0;2.99;20200130000000
17022.0;174.0;2.0;1071.0;4.99;20200131000000
16321.0;412.0;2.0;191.0;0.99;20200126000000
16879.0;102.0;1.0;358.0;0.99;20200127000000
16098.0;291.0;1.0;1012.0;2.99;20200131000000
16655.0;595.0;1.0;613.0;6.99;20200128000000
16616.0;569.0;2.0;1037.0;3.99;20200131000000
16874.0;98.0;2.0;214.0;3.99;20200126000000
16692.0;7.0;1.0;1063.0;5.99;20200131000000
16610.0;566.0;2.0;234.0;5.99;20200126000000
16261.0;380.0;1.0;847.0;3.99;20200130000000
16755.0;42.0;1.0;635.0;5.99;20200128000000
16535.0;528.0;1.0;204.0;0.99;20200126000000
16464.0;490.0;2.0;585.0;6.99;20200128000000
17142.0;244.0;1.0;797.0;1.99;20200129000000
16080.0;281.0;2.0;754.0;2.99;20200129000000
16165.0;321.0;1.0;620.0;5.99;20200128000000
16635.0;582.0;1.0;281.0;0.99;20200126000000
16818.0;64.0;1.0;1001.0;2.99;20200131000000
17105.0;227.0;1.0;111.0;4.99;20200125000000
16996.0;161.0;2.0;539.0;0.99;20200128000000
17102.0;223.0;2.0;524.0;2.99;20200128000000
16659.0;596.0;2.0;782.0;1.99;20200129000000
16162.0;319.0;1.0;149.0;3.99;20200126000000
16259.0;379.0;2.0;209.0;4.99;20200126000000
16600.0;561.0;2.0;971.0;4.99;20200130000000
16666.0;204.0;2.0;251.0;0.99;20200126000000
16597.0;557.0;1.0;478.0;4.99;20200128000000
17135.0;241.0;1.0;627.0;7.99;20200128000000
16422.0;468.0;2.0;296.0;6.99;20200126000000
16192.0;339.0;1.0;876.0;5.99;20200130000000
16596.0;557.0;2.0;467.0;4.99;20200127000000
16909.0;114.0;1.0;205.0;4.99;20200126000000
16268.0;383.0;1.0;766.0;8.99;20200129000000
16612.0;569.0;2.0;53.0;4.99;20200125000000
16740.0;27.0;2.0;787.0;2.99;20200129000000
16285.0;391.0;2.0;73.0;4.99;20200125000000
16725.0;21.0;1.0;260.0;3.99;20200126000000
16950.0;134.0;2.0;1124.0;4.99;20200131000000
16808.0;59.0;2.0;951.0;2.99;20200130000000
16384.0;446.0;2.0;14.0;0.99;20200125000000
16117.0;301.0;2.0;27.0;4.99;20200125000000
16995.0;161.0;1.0;520.0;5.99;20200128000000
16345.0;428.0;2.0;634.0;4.99;20200128000000
16642.0;587.0;1.0;361.0;0.99;20200127000000
16908.0;113.0;2.0;776.0;0.99;20200129000000
16072.0;276.0;1.0;736.0;3.99;20200129000000
16742.0;28.0;1.0;868.0;2.99;20200130000000
16870.0;93.0;1.0;1025.0;4.99;20200131000000
16637.0;584.0;1.0;626.0;4.99;20200128000000
16486.0;502.0;1.0;861.0;0.99;20200130000000
17001.0;162.0;1.0;688.0;4.99;20200129000000
16108.0;296.0;2.0;956.0;2.99;20200130000000
16148.0;313.0;2.0;669.0;4.99;20200128000000
16307.0;402.0;2.0;801.0;1.99;20200129000000
16829.0;72.0;2.0;785.0;4.99;20200129000000
16981.0;154.0;2.0;978.0;5.99;20200130000000
16752.0;37.0;1.0;25.0;0.99;20200125000000
16451.0;482.0;1.0;259.0;8.99;20200126000000
16086.0;284.0;1.0;1145.0;6.99;20200131000000
16544.0;532.0;1.0;43.0;2.99;20200125000000
16969.0;147.0;1.0;509.0;0.99;20200128000000
16724.0;20.0;2.0;546.0;1.99;20200128000000
16787.0;53.0;1.0;378.0;2.99;20200127000000
16613.0;569.0;1.0;487.0;4.99;20200128000000
16912.0;115.0;1.0;915.0;0.99;20200130000000
16163.0;319.0;1.0;439.0;2.99;20200127000000
17090.0;216.0;1.0;997.0;4.99;20200131000000
16690.0;7.0;2.0;748.0;2.99;20200129000000
16645.0;589.0;1.0;531.0;0.99;20200128000000
16648.0;590.0;1.0;602.0;3.99;20200128000000
16820.0;65.0;2.0;657.0;0.99;20200128000000
16799.0;56.0;1.0;341.0;5.99;20200127000000
17119.0;236.0;2.0;262.0;2.99;20200126000000
16196.0;344.0;2.0;813.0;5.99;20200129000000
16439.0;474.0;1.0;816.0;7.99;20200129000000
16251.0;374.0;2.0;910.0;2.99;20200130000000
16793.0;54.0;2.0;441.0;4.99;20200127000000
16679.0;2.0;1.0;320.0;4.99;20200127000000
